{
	"parent": "ercerus:hat/hat",
	"texture_size": [32, 32],
	"display": {
        "gui": {
            "rotation": [ 30, 225, 0 ],
            "translation": [ 0, -3, 0],
            "scale":[ 0.9, 0.9, 0.9 ]
        }
	},
	"textures": {
		"antenna": "ercerus:hat/antenna",
		"particle": "ercerus:hat/antenna"
	},
	"elements": [
		{
			"from": [7.5, 8, 7.5],
			"to": [8.5, 16, 8.5],
			"rotation": {"angle": 0, "axis": "y", "origin": [15, 16, 15]},
			"faces": {
				"north": {"uv": [0.5, 0.5, 1, 4.5], "texture": "#antenna"},
				"east": {"uv": [0, 0.5, 0.5, 4.5], "texture": "#antenna"},
				"south": {"uv": [1.5, 0.5, 2, 4.5], "texture": "#antenna"},
				"west": {"uv": [1, 0.5, 1.5, 4.5], "texture": "#antenna"},
				"up": {"uv": [1, 0.5, 0.5, 0], "texture": "#antenna"},
				"down": {"uv": [1.5, 0, 1, 0.5], "texture": "#antenna"}
			}
		},
		{
			"from": [7, 16, 7],
			"to": [9, 18, 9],
			"rotation": {"angle": 0, "axis": "y", "origin": [15, 24, 15]},
			"faces": {
				"north": {"uv": [6.5, 6.5, 7.5, 7.5], "texture": "#antenna"},
				"east": {"uv": [5.5, 6.5, 6.5, 7.5], "texture": "#antenna"},
				"south": {"uv": [8.5, 6.5, 9.5, 7.5], "texture": "#antenna"},
				"west": {"uv": [7.5, 6.5, 8.5, 7.5], "texture": "#antenna"},
				"up": {"uv": [7.5, 6.5, 6.5, 5.5], "texture": "#antenna"},
				"down": {"uv": [8.5, 5.5, 7.5, 6.5], "texture": "#antenna"}
			}
		},
		{
			"from": [6, 10, 6],
			"to": [10, 11, 7],
			"rotation": {"angle": 0, "axis": "y", "origin": [14, 18, 14]},
			"faces": {
				"north": {"uv": [0.5, 6, 2.5, 6.5], "texture": "#antenna"},
				"east": {"uv": [0, 6, 0.5, 6.5], "texture": "#antenna"},
				"south": {"uv": [3, 6, 5, 6.5], "texture": "#antenna"},
				"west": {"uv": [2.5, 6, 3, 6.5], "texture": "#antenna"},
				"up": {"uv": [2.5, 6, 0.5, 5.5], "texture": "#antenna"},
				"down": {"uv": [4.5, 5.5, 2.5, 6], "texture": "#antenna"}
			}
		},
		{
			"from": [6, 13, 6],
			"to": [10, 14, 7],
			"rotation": {"angle": 0, "axis": "y", "origin": [14, 21, 14]},
			"faces": {
				"north": {"uv": [3, 3, 5, 3.5], "texture": "#antenna"},
				"east": {"uv": [2.5, 3, 3, 3.5], "texture": "#antenna"},
				"south": {"uv": [5.5, 3, 7.5, 3.5], "texture": "#antenna"},
				"west": {"uv": [5, 3, 5.5, 3.5], "texture": "#antenna"},
				"up": {"uv": [5, 3, 3, 2.5], "texture": "#antenna"},
				"down": {"uv": [7, 2.5, 5, 3], "texture": "#antenna"}
			}
		},
		{
			"from": [6, 10, 9],
			"to": [10, 11, 10],
			"rotation": {"angle": 0, "axis": "y", "origin": [14, 18, 17]},
			"faces": {
				"north": {"uv": [3, 4.5, 5, 5], "texture": "#antenna"},
				"east": {"uv": [2.5, 4.5, 3, 5], "texture": "#antenna"},
				"south": {"uv": [5.5, 4.5, 7.5, 5], "texture": "#antenna"},
				"west": {"uv": [5, 4.5, 5.5, 5], "texture": "#antenna"},
				"up": {"uv": [5, 4.5, 3, 4], "texture": "#antenna"},
				"down": {"uv": [7, 4, 5, 4.5], "texture": "#antenna"}
			}
		},
		{
			"from": [6, 13, 9],
			"to": [10, 14, 10],
			"rotation": {"angle": 0, "axis": "y", "origin": [14, 21, 17]},
			"faces": {
				"north": {"uv": [3, 0.5, 5, 1], "texture": "#antenna"},
				"east": {"uv": [2.5, 0.5, 3, 1], "texture": "#antenna"},
				"south": {"uv": [5.5, 0.5, 7.5, 1], "texture": "#antenna"},
				"west": {"uv": [5, 0.5, 5.5, 1], "texture": "#antenna"},
				"up": {"uv": [5, 0.5, 3, 0], "texture": "#antenna"},
				"down": {"uv": [7, 0, 5, 0.5], "texture": "#antenna"}
			}
		},
		{
			"from": [6, 10, 7],
			"to": [7, 11, 9],
			"rotation": {"angle": 0, "axis": "y", "origin": [14, 18, 15]},
			"faces": {
				"north": {"uv": [7, 9, 7.5, 9.5], "texture": "#antenna"},
				"east": {"uv": [6, 9, 7, 9.5], "texture": "#antenna"},
				"south": {"uv": [8.5, 9, 9, 9.5], "texture": "#antenna"},
				"west": {"uv": [7.5, 9, 8.5, 9.5], "texture": "#antenna"},
				"up": {"uv": [7.5, 9, 7, 8], "texture": "#antenna"},
				"down": {"uv": [8, 8, 7.5, 9], "texture": "#antenna"}
			}
		},
		{
			"from": [6, 13, 7],
			"to": [7, 14, 9],
			"rotation": {"angle": 0, "axis": "y", "origin": [14, 21, 15]},
			"faces": {
				"north": {"uv": [8, 1.5, 8.5, 2], "texture": "#antenna"},
				"east": {"uv": [7, 1.5, 8, 2], "texture": "#antenna"},
				"south": {"uv": [9.5, 1.5, 10, 2], "texture": "#antenna"},
				"west": {"uv": [8.5, 1.5, 9.5, 2], "texture": "#antenna"},
				"up": {"uv": [8.5, 1.5, 8, 0.5], "texture": "#antenna"},
				"down": {"uv": [9, 0.5, 8.5, 1.5], "texture": "#antenna"}
			}
		},
		{
			"from": [9, 10, 7],
			"to": [10, 11, 9],
			"rotation": {"angle": 0, "axis": "y", "origin": [17, 18, 15]},
			"faces": {
				"north": {"uv": [3.5, 9, 4, 9.5], "texture": "#antenna"},
				"east": {"uv": [2.5, 9, 3.5, 9.5], "texture": "#antenna"},
				"south": {"uv": [5, 9, 5.5, 9.5], "texture": "#antenna"},
				"west": {"uv": [4, 9, 5, 9.5], "texture": "#antenna"},
				"up": {"uv": [4, 9, 3.5, 8], "texture": "#antenna"},
				"down": {"uv": [4.5, 8, 4, 9], "texture": "#antenna"}
			}
		},
		{
			"from": [9, 13, 7],
			"to": [10, 14, 9],
			"rotation": {"angle": 0, "axis": "y", "origin": [17, 21, 15]},
			"faces": {
				"north": {"uv": [1, 8, 1.5, 8.5], "texture": "#antenna"},
				"east": {"uv": [0, 8, 1, 8.5], "texture": "#antenna"},
				"south": {"uv": [2.5, 8, 3, 8.5], "texture": "#antenna"},
				"west": {"uv": [1.5, 8, 2.5, 8.5], "texture": "#antenna"},
				"up": {"uv": [1.5, 8, 1, 7], "texture": "#antenna"},
				"down": {"uv": [2, 7, 1.5, 8], "texture": "#antenna"}
			}
		}
	]
}