{
	"credit": "Made with Blockbench",
	"parent": "ercerus:hat/hat",
	"texture_size": [64, 64],
	"textures": {
		"0": "ercerus:hat/antler",
		"particle": "ercerus:hat/antler"
	},
	"elements": [
		{
			"from": [8, 8, 7],
			"to": [24, 24, 7],
			"rotation": {"angle": -22.5, "axis": "y", "origin": [8, 8, 7]},
			"faces": {
				"north": {"uv": [0, 0, 4, 4], "texture": "#0"},
				"east": {"uv": [0, 0, 0, 4], "texture": "#0"},
				"south": {"uv": [4, 0, 8, 4], "texture": "#0"},
				"west": {"uv": [4, 0, 4, 4], "texture": "#0"},
				"up": {"uv": [4, 0, 0, 0], "texture": "#0"},
				"down": {"uv": [8, 0, 4, 0], "texture": "#0"}
			}
		},
		{
			"from": [-8, 8, 7],
			"to": [8, 24, 7],
			"rotation": {"angle": 22.5, "axis": "y", "origin": [8, 8, 7]},
			"faces": {
				"north": {"uv": [0, 4.25, 4, 8.25], "texture": "#0"},
				"east": {"uv": [0, 4.25, 0, 8.25], "texture": "#0"},
				"south": {"uv": [4, 4.25, 8, 8.25], "texture": "#0"},
				"west": {"uv": [4, 4.25, 4, 8.25], "texture": "#0"},
				"up": {"uv": [4, 4.25, 0, 4.25], "texture": "#0"},
				"down": {"uv": [8, 4.25, 4, 4.25], "texture": "#0"}
			}
		}
	],
	"display": {
		"gui": {
			"rotation": [30, 180, 0],
			"translation": [0, -3, 0],
			"scale": [0.55, 0.55, 0.55]
		},
		"fixed": {
			"rotation": [0, -180, 0],
			"translation": [0, -4, -1.75],
			"scale": [3, 3, 3]
		}
	}
}