{
	"credit": "Made with Blockbench",
	"parent": "item/hat/hat",
	"texture_size": [64, 64],
	"textures": {
		"3": "ercerus:hat/bular",
		"particle": "ercerus:hat/bular"
	},
	"elements": [
		{
			"from": [8, 5, 8],
			"to": [24, 21, 8],
			"faces": {
				"north": {"uv": [0, 0, 4, 4], "texture": "#3"},
				"south": {"uv": [0, 4, 4, 8], "texture": "#3"}
			}
		},
		{
			"from": [-8, 5, 8],
			"to": [8, 21, 8],
			"faces": {
				"north": {"uv": [4, 0, 8, 4], "texture": "#3"},
				"south": {"uv": [4, 4, 8, 8], "texture": "#3"}
			}
		},
		{
			"from": [3.5, 5.5, 3.5],
			"to": [12.5, 8.5, 12.5],
			"rotation": {"angle": 0, "axis": "y", "origin": [8, 7, 8]},
			"faces": {
				"north": {"uv": [9.5, 8.75, 11.75, 9.5], "texture": "#3"},
				"east": {"uv": [9.5, 9.5, 11.75, 10.25], "texture": "#3"},
				"south": {"uv": [3.75, 9.75, 6, 10.5], "texture": "#3"},
				"west": {"uv": [9.75, 5.25, 12, 6], "texture": "#3"},
				"up": {"uv": [2.25, 10.25, 0, 8], "texture": "#3"},
				"down": {"uv": [10.25, 0, 8, 2.25], "texture": "#3"}
			}
		},
		{
			"name": "Head",
			"from": [3.5, -0.5, 3.5],
			"to": [12.5, 5.5, 9.5],
			"faces": {
				"north": {"uv": [2.25, 8, 4.5, 9.5], "texture": "#3"},
				"east": {"uv": [8, 8.75, 9.5, 10.25], "texture": "#3"},
				"south": {"uv": [8, 2.25, 10.25, 3.75], "texture": "#3"},
				"west": {"uv": [2.25, 9.5, 3.75, 11], "texture": "#3"},
				"down": {"uv": [10.25, 3.75, 8, 5.25], "texture": "#3"}
			}
		},
		{
			"from": [-3.5, 0, 6],
			"to": [3.5, 7, 6],
			"faces": {
				"north": {"uv": [4.5, 8, 6.25, 9.75], "texture": "#3"},
				"south": {"uv": [8, 5.25, 9.75, 7], "texture": "#3"}
			}
		},
		{
			"from": [12.5, 0, 6],
			"to": [19.5, 7, 6],
			"faces": {
				"north": {"uv": [6.25, 8, 8, 9.75], "texture": "#3"},
				"south": {"uv": [8, 7, 9.75, 8.75], "texture": "#3"}
			}
		},
		{
			"from": [3.5, 3, 9.5],
			"to": [12.5, 4, 12.5],
			"faces": {
				"east": {"uv": [3.75, 9.5, 4.5, 9.75], "texture": "#3"},
				"south": {"uv": [9.75, 7.5, 12, 7.75], "texture": "#3"},
				"west": {"uv": [6, 9.75, 6.75, 10], "texture": "#3"},
				"up": {"uv": [12, 6.75, 9.75, 6], "texture": "#3"},
				"down": {"uv": [12, 6.75, 9.75, 7.5], "texture": "#3"}
			}
		}
	],
	"display": {
		"gui": {
			"rotation": [30, -144, 0],
			"scale": [0.6, 0.6, 0.6]
		},
		"head": {
			"translation": [0, 7, 0],
			"scale": [1.62, 1.62, 1.62]
		}
	}
}