{
	"parent": "ercerus:hat/hat",
	"texture_size": [32, 32],
	"display": {
        "gui": {
            "rotation": [ 30, 225, 0 ],
            "translation": [ 0, -3, 0],
            "scale":[ 0.9, 0.9, 0.9 ]
        }
	},
	"textures": {
		"ears": "ercerus:hat/bunny_ears",
		"particle": "ercerus:hat/bunny_ears"
	},
	"elements": [
		{
			"from": [0, 5, 8],
			"to": [16, 21, 8],
			"rotation": {"angle": 0, "axis": "y", "origin": [8, 13, 16]},
			"faces": {
				"north": {"uv": [0, 0, 8, 8], "texture": "#ears"},
				"east": {"uv": [0, 0, 0, 8], "texture": "#ears"},
				"south": {"uv": [8, 0, 16, 8], "texture": "#ears"},
				"west": {"uv": [8, 0, 8, 8], "texture": "#ears"},
				"up": {"uv": [8, 0, 0, 0], "texture": "#ears"},
				"down": {"uv": [16, 0, 8, 0], "texture": "#ears"}
			}
		}
	]
}