{
    "parent": "ercerus:hat/hat",
    "ambientocclusion": false,
	"display": {
        "gui": {
            "rotation": [ 30, 225, 0 ],
            "translation": [ 0, -0.5, 0],
            "scale":[ 0.7, 0.7, 0.7 ]
        }
	},
    "textures": {
        "camera": "ercerus:hat/camera",
        "planks": "minecraft:block/oak_planks"
    },
    "elements": [
        {
            "from": [4,11,4],
            "to": [12,19,12],
            "faces": {
                "up": {
                    "uv": [4,0,8,4],
                    "texture": "#camera"
                },
                "down": {
                    "uv": [8,0,12,4],
                    "texture": "#camera"
                },
                "west": {
                    "uv": [8,4,12,8],
                    "texture": "#camera"
                },
                "east": {
                    "uv": [0,4,4,8],
                    "texture": "#camera"
                },
                "north": {
                    "uv": [4,4,8,8],
                    "texture": "#camera"
                },
                "south": {
                    "uv": [12,4,16,8],
                    "texture": "#camera"
                }
            }
        },
        {
            "from": [7,8,7],
            "to": [9,11,9],
            "faces": {
                "west": {
                    "uv": [8,4,10,7],
                    "texture": "#planks"
                },
                "east": {
                    "uv": [8,4,10,7],
                    "texture": "#planks"
                },
                "north": {
                    "uv": [8,4,10,7],
                    "texture": "#planks"
                },
                "south": {
                    "uv": [8,4,10,7],
                    "texture": "#planks"
                }
            }
        },
        {
            "from": [3,-1,7],
            "to": [4,8,9],
            "faces": {
                "up": {
                    "uv": [3,8,4,10],
                    "texture": "#planks"
                },
                "down": {
                    "uv": [3,8,4,10],
                    "texture": "#planks"
                },
                "west": {
                    "uv": [7,6,9,15],
                    "texture": "#planks"
                },
                "east": {
                    "uv": [7,6,9,15],
                    "texture": "#planks"
                },
                "north": {
                    "uv": [3,6,4,15],
                    "texture": "#planks"
                },
                "south": {
                    "uv": [3,6,4,15],
                    "texture": "#planks"
                }
            }
        },
        {
            "from": [12,-1,7],
            "to": [13,8,9],
            "faces": {
                "up": {
                    "uv": [12,8,13,10],
                    "texture": "#planks"
                },
                "down": {
                    "uv": [12,8,13,10],
                    "texture": "#planks"
                },
                "west": {
                    "uv": [7,6,9,15],
                    "texture": "#planks"
                },
                "east": {
                    "uv": [7,6,9,15],
                    "texture": "#planks"
                },
                "north": {
                    "uv": [11,6,12,15],
                    "texture": "#planks"
                },
                "south": {
                    "uv": [12,6,13,15],
                    "texture": "#planks"
                }
            }
        },
        {
            "from": [4,-1,7],
            "to": [12,0,9],
            "faces": {
                "up": {
                    "uv": [4,8,12,10],
                    "texture": "#planks"
                },
                "down": {
                    "uv": [4,8,12,10],
                    "texture": "#planks"
                },
                "north": {
                    "uv": [4,14,12,15],
                    "texture": "#planks"
                },
                "south": {
                    "uv": [4,14,12,15],
                    "texture": "#planks"
                }
            }
        },
        {
            "from": [4,7,7],
            "to": [12,8,9],
            "faces": {
                "up": {
                    "uv": [4,8,12,10],
                    "texture": "#planks"
                },
                "down": {
                    "uv": [4,8,12,10],
                    "texture": "#planks"
                },
                "north": {
                    "texture": "#planks"
                },
                "south": {
                    "texture": "#planks"
                }
            }
        }
    ]
}