{
	"parent": "ercerus:hat/hat",
	"texture_size": [32, 32],
	"textures": {
		"0": "ercerus:hat/chicken",
		"particle": "ercerus:hat/chicken"
	},
	"display": {
        "head": {
            "rotation": [ 0, 0, 0 ],
            "translation": [ 0, 6.5, 0],
            "scale":[ 1.85, 1.85, 1.85]
        }
    },
	"elements": [
		{
			"from": [4, 6, 4],
			"to": [12, 9, 12],
			"rotation": {"angle": 0, "axis": "y", "origin": [12, 14, 12]},
			"faces": {
				"north": {"uv": [4, 4, 8, 5.5], "texture": "#0"},
				"east": {"uv": [0, 4, 4, 5.5], "texture": "#0"},
				"south": {"uv": [12, 4, 16, 5.5], "texture": "#0"},
				"west": {"uv": [8, 4, 12, 5.5], "texture": "#0"},
				"up": {"uv": [8, 4, 4, 0], "texture": "#0"},
				"down": {"uv": [12, 0, 8, 4], "texture": "#0"}
			}
		},
		{
			"from": [6, 9, 4],
			"to": [10, 13, 7],
			"rotation": {"angle": 0, "axis": "y", "origin": [14, 17, 12]},
			"faces": {
				"north": {"uv": [1.5, 10.5, 3.5, 12.5], "texture": "#0"},
				"east": {"uv": [0, 10.5, 1.5, 12.5], "texture": "#0"},
				"south": {"uv": [5, 10.5, 7, 12.5], "texture": "#0"},
				"west": {"uv": [3.5, 10.5, 5, 12.5], "texture": "#0"},
				"up": {"uv": [3.5, 10.5, 1.5, 9], "texture": "#0"},
				"down": {"uv": [5.5, 9, 3.5, 10.5], "texture": "#0"}
			}
		},
		{
			"from": [6, 9, 2],
			"to": [10, 11, 4],
			"rotation": {"angle": 0, "axis": "y", "origin": [14, 17, 10]},
			"faces": {
				"north": {"uv": [8.5, 11, 10.5, 12], "texture": "#0"},
				"east": {"uv": [7.5, 11, 8.5, 12], "texture": "#0"},
				"south": {"uv": [11.5, 11, 13.5, 12], "texture": "#0"},
				"west": {"uv": [10.5, 11, 11.5, 12], "texture": "#0"},
				"up": {"uv": [10.5, 11, 8.5, 10], "texture": "#0"},
				"down": {"uv": [12.5, 10, 10.5, 11], "texture": "#0"}
			}
		},
		{
			"from": [3, 5, 6],
			"to": [4, 9, 10],
			"rotation": {"angle": 0, "axis": "z", "origin": [6, 6, 8]},
			"faces": {
				"north": {"uv": [10, 14, 10.5, 16], "texture": "#0"},
				"east": {"uv": [8, 14, 10, 16], "texture": "#0"},
				"south": {"uv": [12.5, 14, 13, 16], "texture": "#0"},
				"west": {"uv": [10.5, 14, 12.5, 16], "texture": "#0"},
				"up": {"uv": [10.5, 14, 10, 12], "texture": "#0"},
				"down": {"uv": [11, 12, 10.5, 14], "texture": "#0"}
			}
		},
		{
			"from": [12, 5, 6],
			"to": [13, 9, 10],
			"rotation": {"angle": 0, "axis": "y", "origin": [20, 13, 14]},
			"faces": {
				"north": {"uv": [10, 8, 10.5, 10], "texture": "#0"},
				"east": {"uv": [8, 8, 10, 10], "texture": "#0"},
				"south": {"uv": [12.5, 8, 13, 10], "texture": "#0"},
				"west": {"uv": [10.5, 8, 12.5, 10], "texture": "#0"},
				"up": {"uv": [10.5, 8, 10, 6], "texture": "#0"},
				"down": {"uv": [11, 6, 10.5, 8], "texture": "#0"}
			}
		},
		{
			"from": [7, 7, 3],
			"to": [9, 9, 4],
			"rotation": {"angle": 0, "axis": "y", "origin": [15, 15, 11]},
			"faces": {
				"north": {"uv": [0.5, 0.5, 1.5, 1.5], "texture": "#0"},
				"east": {"uv": [0, 0.5, 0.5, 1.5], "texture": "#0"},
				"south": {"uv": [2, 0.5, 3, 1.5], "texture": "#0"},
				"west": {"uv": [1.5, 0.5, 2, 1.5], "texture": "#0"},
				"up": {"uv": [1.5, 0.5, 0.5, 0], "texture": "#0"},
				"down": {"uv": [2.5, 0, 1.5, 0.5], "texture": "#0"}
			}
		}
	]
}