{
	"parent": "ercerus:hat/hat",
	"texture_size": [64, 64],
	"textures": {
		"hat": "ercerus:hat/christmas",
		"particle": "ercerus:hat/christmas"
	},
	"display": {
        "head": {
            "rotation": [ 0, 0, 0 ],
            "translation": [ 0, 7.25, 0],
            "scale":[ 1.55, 1.55, 1.55]
        },
        "gui": {
            "rotation": [ 30, 225, 0 ],
            "translation": [ 0, -3, 0],
            "scale":[ 0.8, 0.8, 0.8 ]
        }
	},
	"elements": [
		{
			"from": [2.5, 6, 2.5],
			"to": [13.5, 8, 13.5],
			"rotation": {"angle": 0, "axis": "y", "origin": [10, 14, 10]},
			"faces": {
				"north": {"uv": [2.75, 2.75, 5.5, 3.25], "texture": "#hat"},
				"east": {"uv": [0, 2.75, 2.75, 3.25], "texture": "#hat"},
				"south": {"uv": [8.25, 2.75, 11, 3.25], "texture": "#hat"},
				"west": {"uv": [5.5, 2.75, 8.25, 3.25], "texture": "#hat"},
				"up": {"uv": [5.5, 2.75, 2.75, 0], "texture": "#hat"},
				"down": {"uv": [8.25, 0, 5.5, 2.75], "texture": "#hat"}
			}
		},
		{
			"from": [3.5, 8, 3.5],
			"to": [12.5, 10, 12.5],
			"rotation": {"angle": 0, "axis": "y", "origin": [10, 16, 10]},
			"faces": {
				"north": {"uv": [2.25, 5.75, 4.5, 6.25], "texture": "#hat"},
				"east": {"uv": [0, 5.75, 2.25, 6.25], "texture": "#hat"},
				"south": {"uv": [6.75, 5.75, 9, 6.25], "texture": "#hat"},
				"west": {"uv": [4.5, 5.75, 6.75, 6.25], "texture": "#hat"},
				"up": {"uv": [4.5, 5.75, 2.25, 3.5], "texture": "#hat"},
				"down": {"uv": [6.75, 3.5, 4.5, 5.75], "texture": "#hat"}
			}
		},
		{
			"from": [4, 10, 4.5],
			"to": [11, 12, 11.5],
			"rotation": {"angle": 0, "axis": "y", "origin": [10, 18, 11]},
			"faces": {
				"north": {"uv": [1.75, 8.25, 3.5, 8.75], "texture": "#hat"},
				"east": {"uv": [0, 8.25, 1.75, 8.75], "texture": "#hat"},
				"south": {"uv": [5.25, 8.25, 7, 8.75], "texture": "#hat"},
				"west": {"uv": [3.5, 8.25, 5.25, 8.75], "texture": "#hat"},
				"up": {"uv": [3.5, 8.25, 1.75, 6.5], "texture": "#hat"},
				"down": {"uv": [5.25, 6.5, 3.5, 8.25], "texture": "#hat"}
			}
		},
		{
			"from": [4, 12, 5],
			"to": [10, 14, 11],
			"rotation": {"angle": 0, "axis": "y", "origin": [9, 20, 10]},
			"faces": {
				"north": {"uv": [8.5, 5, 10, 5.5], "texture": "#hat"},
				"east": {"uv": [7, 5, 8.5, 5.5], "texture": "#hat"},
				"south": {"uv": [11.5, 5, 13, 5.5], "texture": "#hat"},
				"west": {"uv": [10, 5, 11.5, 5.5], "texture": "#hat"},
				"up": {"uv": [10, 5, 8.5, 3.5], "texture": "#hat"},
				"down": {"uv": [11.5, 3.5, 10, 5], "texture": "#hat"}
			}
		},
		{
			"from": [8, 14, 6],
			"to": [9, 15, 11],
			"rotation": {"angle": 0, "axis": "y", "origin": [13, 22, 11]},
			"faces": {
				"north": {"uv": [1.25, 10.25, 1.5, 10.5], "texture": "#hat"},
				"east": {"uv": [0, 10.25, 1.25, 10.5], "texture": "#hat"},
				"south": {"uv": [2.75, 10.25, 3, 10.5], "texture": "#hat"},
				"west": {"uv": [1.5, 10.25, 2.75, 10.5], "texture": "#hat"},
				"up": {"uv": [1.5, 10.25, 1.25, 9], "texture": "#hat"},
				"down": {"uv": [1.75, 9, 1.5, 10.25], "texture": "#hat"}
			}
		},
		{
			"from": [3, 14, 6],
			"to": [8, 16, 11],
			"rotation": {"angle": 0, "axis": "y", "origin": [8, 22, 11]},
			"faces": {
				"north": {"uv": [8.5, 8.5, 9.75, 9], "texture": "#hat"},
				"east": {"uv": [7.25, 8.5, 8.5, 9], "texture": "#hat"},
				"south": {"uv": [11, 8.5, 12.25, 9], "texture": "#hat"},
				"west": {"uv": [9.75, 8.5, 11, 9], "texture": "#hat"},
				"up": {"uv": [9.75, 8.5, 8.5, 7.25], "texture": "#hat"},
				"down": {"uv": [11, 7.25, 9.75, 8.5], "texture": "#hat"}
			}
		},
		{
			"from": [2, 16, 7],
			"to": [7, 17, 10],
			"rotation": {"angle": 0, "axis": "y", "origin": [7, 24, 12]},
			"faces": {
				"north": {"uv": [9.25, 0.75, 10.5, 1], "texture": "#hat"},
				"east": {"uv": [8.5, 0.75, 9.25, 1], "texture": "#hat"},
				"south": {"uv": [11.25, 0.75, 12.5, 1], "texture": "#hat"},
				"west": {"uv": [10.5, 0.75, 11.25, 1], "texture": "#hat"},
				"up": {"uv": [10.5, 0.75, 9.25, 0], "texture": "#hat"},
				"down": {"uv": [11.75, 0, 10.5, 0.75], "texture": "#hat"}
			}
		},
		{
			"from": [-1, 15, 7],
			"to": [2, 18, 10],
			"rotation": {"angle": 0, "axis": "y", "origin": [4, 23, 12]},
			"faces": {
				"north": {"uv": [4, 9.75, 4.75, 10.5], "texture": "#hat"},
				"east": {"uv": [3.25, 9.75, 4, 10.5], "texture": "#hat"},
				"south": {"uv": [5.5, 9.75, 6.25, 10.5], "texture": "#hat"},
				"west": {"uv": [4.75, 9.75, 5.5, 10.5], "texture": "#hat"},
				"up": {"uv": [4.75, 9.75, 4, 9], "texture": "#hat"},
				"down": {"uv": [5.5, 9, 4.75, 9.75], "texture": "#hat"}
			}
		}
	]
}