{
	"parent": "ercerus:hat/hat",
	"texture_size": [64, 64],
	"textures": {
		"crown": "ercerus:hat/crown",
		"particle": "ercerus:hat/crown"
	},
	"elements": [
		{
			"from": [3, 7, 3],
			"to": [13, 9, 5],
			"rotation": {"angle": 0, "axis": "y", "origin": [8, 15, 8]},
			"faces": {
				"north": {"uv": [0.5, 1.75, 3, 2.25], "texture": "#crown"},
				"east": {"uv": [0, 1.75, 0.5, 2.25], "texture": "#crown"},
				"south": {"uv": [3.5, 1.75, 6, 2.25], "texture": "#crown"},
				"west": {"uv": [3, 1.75, 3.5, 2.25], "texture": "#crown"},
				"up": {"uv": [3, 1.75, 0.5, 1.25], "texture": "#crown"},
				"down": {"uv": [5.5, 1.25, 3, 1.75], "texture": "#crown"}
			}
		},
		{
			"from": [3, 7, 11],
			"to": [13, 9, 13],
			"rotation": {"angle": 0, "axis": "y", "origin": [8, 15, 16]},
			"faces": {
				"north": {"uv": [0.5, 0.5, 3, 1], "texture": "#crown"},
				"east": {"uv": [0, 0.5, 0.5, 1], "texture": "#crown"},
				"south": {"uv": [3.5, 0.5, 6, 1], "texture": "#crown"},
				"west": {"uv": [3, 0.5, 3.5, 1], "texture": "#crown"},
				"up": {"uv": [3, 0.5, 0.5, 0], "texture": "#crown"},
				"down": {"uv": [5.5, 0, 3, 0.5], "texture": "#crown"}
			}
		},
		{
			"from": [11, 7, 5],
			"to": [13, 9, 11],
			"rotation": {"angle": 0, "axis": "y", "origin": [16, 15, 10]},
			"faces": {
				"north": {"uv": [4.25, 4.75, 4.75, 5.25], "texture": "#crown"},
				"east": {"uv": [2.75, 4.75, 4.25, 5.25], "texture": "#crown"},
				"south": {"uv": [6.25, 4.75, 6.75, 5.25], "texture": "#crown"},
				"west": {"uv": [4.75, 4.75, 6.25, 5.25], "texture": "#crown"},
				"up": {"uv": [4.75, 4.75, 4.25, 3.25], "texture": "#crown"},
				"down": {"uv": [5.25, 3.25, 4.75, 4.75], "texture": "#crown"}
			}
		},
		{
			"from": [3, 7, 5],
			"to": [5, 9, 11],
			"rotation": {"angle": 0, "axis": "y", "origin": [8, 15, 10]},
			"faces": {
				"north": {"uv": [1.5, 4, 2, 4.5], "texture": "#crown"},
				"east": {"uv": [0, 4, 1.5, 4.5], "texture": "#crown"},
				"south": {"uv": [3.5, 4, 4, 4.5], "texture": "#crown"},
				"west": {"uv": [2, 4, 3.5, 4.5], "texture": "#crown"},
				"up": {"uv": [2, 4, 1.5, 2.5], "texture": "#crown"},
				"down": {"uv": [2.5, 2.5, 2, 4], "texture": "#crown"}
			}
		},
		{
			"from": [3, 9, 3],
			"to": [5, 11, 5],
			"rotation": {"angle": 0, "axis": "y", "origin": [11, 17, 11]},
			"faces": {
				"north": {"uv": [6.75, 1.75, 7.25, 2.25], "texture": "#crown"},
				"east": {"uv": [6.25, 1.75, 6.75, 2.25], "texture": "#crown"},
				"south": {"uv": [7.75, 1.75, 8.25, 2.25], "texture": "#crown"},
				"west": {"uv": [7.25, 1.75, 7.75, 2.25], "texture": "#crown"},
				"up": {"uv": [7.25, 1.75, 6.75, 1.25], "texture": "#crown"},
				"down": {"uv": [7.75, 1.25, 7.25, 1.75], "texture": "#crown"}
			}
		},
		{
			"from": [3, 9, 11],
			"to": [5, 11, 13],
			"rotation": {"angle": 0, "axis": "y", "origin": [11, 17, 19]},
			"faces": {
				"north": {"uv": [0.5, 6.75, 1, 7.25], "texture": "#crown"},
				"east": {"uv": [0, 6.75, 0.5, 7.25], "texture": "#crown"},
				"south": {"uv": [1.5, 6.75, 2, 7.25], "texture": "#crown"},
				"west": {"uv": [1, 6.75, 1.5, 7.25], "texture": "#crown"},
				"up": {"uv": [1, 6.75, 0.5, 6.25], "texture": "#crown"},
				"down": {"uv": [1.5, 6.25, 1, 6.75], "texture": "#crown"}
			}
		},
		{
			"from": [3, 9, 7],
			"to": [5, 11, 9],
			"rotation": {"angle": 0, "axis": "y", "origin": [11, 17, 15]},
			"faces": {
				"north": {"uv": [2.25, 6, 2.75, 6.5], "texture": "#crown"},
				"east": {"uv": [1.75, 6, 2.25, 6.5], "texture": "#crown"},
				"south": {"uv": [3.25, 6, 3.75, 6.5], "texture": "#crown"},
				"west": {"uv": [2.75, 6, 3.25, 6.5], "texture": "#crown"},
				"up": {"uv": [2.75, 6, 2.25, 5.5], "texture": "#crown"},
				"down": {"uv": [3.25, 5.5, 2.75, 6], "texture": "#crown"}
			}
		},
		{
			"from": [11, 9, 7],
			"to": [13, 11, 9],
			"rotation": {"angle": 0, "axis": "y", "origin": [19, 17, 15]},
			"faces": {
				"north": {"uv": [0.5, 5.25, 1, 5.75], "texture": "#crown"},
				"east": {"uv": [0, 5.25, 0.5, 5.75], "texture": "#crown"},
				"south": {"uv": [1.5, 5.25, 2, 5.75], "texture": "#crown"},
				"west": {"uv": [1, 5.25, 1.5, 5.75], "texture": "#crown"},
				"up": {"uv": [1, 5.25, 0.5, 4.75], "texture": "#crown"},
				"down": {"uv": [1.5, 4.75, 1, 5.25], "texture": "#crown"}
			}
		},
		{
			"from": [11, 9, 3],
			"to": [13, 11, 5],
			"rotation": {"angle": 0, "axis": "y", "origin": [19, 17, 11]},
			"faces": {
				"north": {"uv": [6.75, 0.5, 7.25, 1], "texture": "#crown"},
				"east": {"uv": [6.25, 0.5, 6.75, 1], "texture": "#crown"},
				"south": {"uv": [7.75, 0.5, 8.25, 1], "texture": "#crown"},
				"west": {"uv": [7.25, 0.5, 7.75, 1], "texture": "#crown"},
				"up": {"uv": [7.25, 0.5, 6.75, 0], "texture": "#crown"},
				"down": {"uv": [7.75, 0, 7.25, 0.5], "texture": "#crown"}
			}
		},
		{
			"from": [11, 9, 11],
			"to": [13, 11, 13],
			"rotation": {"angle": 0, "axis": "y", "origin": [19, 17, 19]},
			"faces": {
				"north": {"uv": [6, 3, 6.5, 3.5], "texture": "#crown"},
				"east": {"uv": [5.5, 3, 6, 3.5], "texture": "#crown"},
				"south": {"uv": [7, 3, 7.5, 3.5], "texture": "#crown"},
				"west": {"uv": [6.5, 3, 7, 3.5], "texture": "#crown"},
				"up": {"uv": [6.5, 3, 6, 2.5], "texture": "#crown"},
				"down": {"uv": [7, 2.5, 6.5, 3], "texture": "#crown"}
			}
		},
		{
			"from": [7, 9, 3],
			"to": [9, 11, 5],
			"rotation": {"angle": 0, "axis": "y", "origin": [15, 17, 11]},
			"faces": {
				"north": {"uv": [6.25, 6.75, 6.75, 7.25], "texture": "#crown"},
				"east": {"uv": [5.75, 6.75, 6.25, 7.25], "texture": "#crown"},
				"south": {"uv": [7.25, 6.75, 7.75, 7.25], "texture": "#crown"},
				"west": {"uv": [6.75, 6.75, 7.25, 7.25], "texture": "#crown"},
				"up": {"uv": [6.75, 6.75, 6.25, 6.25], "texture": "#crown"},
				"down": {"uv": [7.25, 6.25, 6.75, 6.75], "texture": "#crown"}
			}
		},
		{
			"from": [7, 9, 11],
			"to": [9, 11, 13],
			"rotation": {"angle": 0, "axis": "y", "origin": [15, 17, 19]},
			"faces": {
				"north": {"uv": [4.5, 6, 5, 6.5], "texture": "#crown"},
				"east": {"uv": [4, 6, 4.5, 6.5], "texture": "#crown"},
				"south": {"uv": [5.5, 6, 6, 6.5], "texture": "#crown"},
				"west": {"uv": [5, 6, 5.5, 6.5], "texture": "#crown"},
				"up": {"uv": [5, 6, 4.5, 5.5], "texture": "#crown"},
				"down": {"uv": [5.5, 5.5, 5, 6], "texture": "#crown"}
			}
		}
	]
}