{
	"parent": "ercerus:hat/hat",
	"texture_size": [64, 64],
	"textures": {
		"hat": "ercerus:hat/cylinder",
		"particle": "ercerus:hat/cylinder"
	},
	"elements": [
		{
			"from": [2, 7, 2],
			"to": [14, 7, 14],
			"rotation": {"angle": 0, "axis": "y", "origin": [8, 15, 8]},
			"faces": {
				"north": {"uv": [3, 3, 6, 3], "texture": "#hat"},
				"east": {"uv": [0, 3, 3, 3], "texture": "#hat"},
				"south": {"uv": [9, 3, 12, 3], "texture": "#hat"},
				"west": {"uv": [6, 3, 9, 3], "texture": "#hat"},
				"up": {"uv": [6, 3, 3, 0], "texture": "#hat"},
				"down": {"uv": [9, 0, 6, 3], "texture": "#hat"}
			}
		},
		{
			"from": [3.95, 7, 3.95],
			"to": [12.05, 14, 12.05],
			"rotation": {"angle": 0, "axis": "y", "origin": [12, 15, 12]},
			"faces": {
				"north": {"uv": [2, 5.25, 4, 7], "texture": "#hat"},
				"east": {"uv": [0, 5.25, 2, 7], "texture": "#hat"},
				"south": {"uv": [6, 5.25, 8, 7], "texture": "#hat"},
				"west": {"uv": [4, 5.25, 6, 7], "texture": "#hat"},
				"up": {"uv": [4, 5.25, 2, 3.25], "texture": "#hat"},
				"down": {"uv": [6, 3.25, 4, 5.25], "texture": "#hat"}
			}
		}
	],
	"display": {
		"head": {
			"translation": [0, 6.5, 0],
			"scale": [1.8, 1.8, 1.8]
		}
	}
}