{
	"parent": "ercerus:hat/hat",
    "display": {
        "head": {
            "rotation": [ 0, 0, 0 ],
            "translation": [ 0, 6.5, 0],
            "scale":[ 1.8, 1.8, 1.8]
        }
    },
	"textures": {
		"hat": "minecraft:entity/villager/profession/farmer",
		"particle": "minecraft:entity/villager/profession/farmer"
	},
	"elements": [
		{
			"from": [0, 6, 0],
			"to": [16, 6, 16],
			"rotation": {"angle": 0, "axis": "y", "origin": [8, 14, 8]},
			"faces": {
				"up": {"uv": [7.75, 12, 11.75, 16], "texture": "#hat"},
				"down": {"uv": [7.75, 12, 11.75, 16], "texture": "#hat"}
			}
		},
		{
			"from": [3.95, 6, 3.95],
			"to": [12.05, 10, 12.05],
			"rotation": {"angle": 0, "axis": "y", "origin": [12, 14, 12]},
			"faces": {
				"north": {"uv": [10, 2, 12, 3], "texture": "#hat"},
				"east": {"uv": [8, 2, 9.75, 3], "texture": "#hat"},
				"south": {"uv": [14, 2, 16, 3], "texture": "#hat"},
				"west": {"uv": [12, 2, 14, 3], "texture": "#hat"},
				"up": {"uv": [10, 0, 12, 2], "texture": "#hat"}
			}
		}
	]
}