{
    "parent": "ercerus:hat/hat",
    "ambientocclusion": false,
    "elements": [
        {
            "from": [4,8,9],
            "to": [12,12,14],
            "faces": {
                "up": {
                    "uv": [9,11,11.666673,13.5],
                    "texture": "#fox"
                },
                "down": {
                    "uv": [13.333333,11,16,13.5],
                    "texture": "#fox"
                },
                "west": {
                    "uv": [11.666669,13.5,13.333325,15.5],
                    "texture": "#fox"
                },
                "east": {
                    "uv": [7.3333497,13.5,9,15.5],
                    "texture": "#fox"
                },
                "north": {
                    "uv": [9,13.5,11.666667,15.5],
                    "texture": "#fox"
                },
                "south": {
                    "uv": [13.333327,13.5,16,15.5],
                    "texture": "#fox"
                }
            }
        },
        {
            "from": [6,0,12],
            "to": [10,9,17],
            "faces": {
                "up": {
                    "uv": [11.666667,0,13,2.5],
                    "texture": "#fox"
                },
                "down": {
                    "uv": [13,0,14.333333,2.5],
                    "texture": "#fox"
                },
                "west": {
                    "uv": [13.333333,2.5,14.666665,7],
                    "texture": "#fox"
                },
                "east": {
                    "uv": [10.000011,2.5,11.333333,7],
                    "texture": "#fox"
                },
                "north": {
                    "uv": [11.666665,2.5,13,7],
                    "texture": "#fox"
                },
                "south": {
                    "uv": [14.666667,2.5,15.999991,7],
                    "texture": "#fox"
                }
            }
        },
        {
            "from": [4,8,3],
            "to": [12,14,9],
            "faces": {
                "up": {
                    "uv": [2.3333328,2.5,5,5.5],
                    "texture": "#fox"
                },
                "down": {
                    "uv": [5,2.5,7.6666665,5.5],
                    "texture": "#fox"
                },
                "west": {
                    "uv": [4.9999995,5.5,7,8.5],
                    "texture": "#fox"
                },
                "east": {
                    "uv": [0.33333457,5.5,2.3333333,8.5],
                    "texture": "#fox"
                },
                "north": {
                    "uv": [2.3333328,5.5,5,8.5],
                    "texture": "#fox"
                },
                "south": {
                    "uv": [7,5.5,9.666667,8.5],
                    "texture": "#fox"
                }
            }
        },
        {
            "from": [6,8,0],
            "to": [10,10,3],
            "faces": {
                "up": {
                    "uv": [2.9999988,9,4.3333335,10.5],
                    "texture": "#fox"
                },
                "down": {
                    "uv": [4.3333325,9,5.6666665,10.5],
                    "texture": "#fox"
                },
                "west": {
                    "uv": [4.3333335,10.5,5.3333335,11.5],
                    "texture": "#fox"
                },
                "east": {
                    "uv": [1.9999995,10.5,3,11.5],
                    "texture": "#fox"
                },
                "north": {
                    "uv": [2.999999,10.5,4.3333335,11.5],
                    "texture": "#fox"
                }
            }
        },
        {
            "from": [2,3,8],
            "to": [4,9,10],
            "faces": {
                "up": {
                    "uv": [5.0000005,12,5.6666665,13],
                    "texture": "#fox"
                },
                "down": {
                    "uv": [5.6666665,12,6.3333335,13],
                    "texture": "#fox"
                },
                "west": {
                    "uv": [4.9999995,13,5.6666675,16],
                    "texture": "#fox"
                },
                "east": {
                    "uv": [6.3333316,13,7.0000014,16],
                    "texture": "#fox"
                },
                "north": {
                    "uv": [4.3333344,13,4.9999986,16],
                    "texture": "#fox"
                },
                "south": {
                    "uv": [5.6666694,13,6.3333335,16],
                    "texture": "#fox"
                }
            }
        },
        {
            "from": [4,14,4],
            "to": [6,16,5],
            "faces": {
                "up": {
                    "uv": [5.3333325,0.5,5.9999967,1],
                    "texture": "#fox"
                },
                "west": {
                    "uv": [6.000002,1,6.3333335,2],
                    "texture": "#fox"
                },
                "east": {
                    "uv": [5,1,5.333328,2],
                    "texture": "#fox"
                },
                "north": {
                    "uv": [5.333334,1,6,2],
                    "texture": "#fox"
                },
                "south": {
                    "uv": [6.3333335,1,7,2],
                    "texture": "#fox"
                }
            }
        },
        {
            "from": [10,14,4],
            "to": [12,16,5],
            "faces": {
                "up": {
                    "uv": [5.3333325,0.5,5.9999967,1],
                    "texture": "#fox"
                },
                "west": {
                    "uv": [3.6666663,1,3.9999974,2],
                    "texture": "#fox"
                },
                "east": {
                    "uv": [2.666667,1,2.9999943,2],
                    "texture": "#fox"
                },
                "north": {
                    "uv": [3.0000002,1,3.6666663,2],
                    "texture": "#fox"
                },
                "south": {
                    "uv": [3.9999955,1,4.666663,2],
                    "texture": "#fox"
                }
            }
        },
        {
            "from": [2,3,12],
            "to": [4,9,14],
            "faces": {
                "up": {
                    "uv": [5.0000005,12,5.6666665,13],
                    "texture": "#fox"
                },
                "down": {
                    "uv": [5.6666665,12,6.3333335,13],
                    "texture": "#fox"
                },
                "west": {
                    "uv": [4.9999995,13,5.6666675,16],
                    "texture": "#fox"
                },
                "east": {
                    "uv": [6.3333316,13,7.0000014,16],
                    "texture": "#fox"
                },
                "north": {
                    "uv": [4.3333344,13,4.9999986,16],
                    "texture": "#fox"
                },
                "south": {
                    "uv": [5.6666694,13,6.3333335,16],
                    "texture": "#fox"
                }
            }
        },
        {
            "from": [12,3,8],
            "to": [14,9,10],
            "faces": {
                "up": {
                    "uv": [5.0000005,12,5.6666665,13],
                    "texture": "#fox"
                },
                "down": {
                    "uv": [5.6666665,12,6.3333335,13],
                    "texture": "#fox"
                },
                "west": {
                    "uv": [3.33333,13,3.9999988,16],
                    "texture": "#fox"
                },
                "east": {
                    "uv": [1.9999977,13,2.6666663,16],
                    "texture": "#fox"
                },
                "north": {
                    "uv": [2.6666687,13,3.3333328,16],
                    "texture": "#fox"
                },
                "south": {
                    "uv": [1.333335,13,1.9999985,16],
                    "texture": "#fox"
                }
            }
        },
        {
            "from": [12,3,12],
            "to": [14,9,14],
            "faces": {
                "up": {
                    "uv": [5.0000005,12,5.6666665,13],
                    "texture": "#fox"
                },
                "down": {
                    "uv": [5.6666665,12,6.3333335,13],
                    "texture": "#fox"
                },
                "west": {
                    "uv": [3.33333,13,3.9999988,16],
                    "texture": "#fox"
                },
                "east": {
                    "uv": [1.9999977,13,2.6666663,16],
                    "texture": "#fox"
                },
                "north": {
                    "uv": [2.6666687,13,3.3333328,16],
                    "texture": "#fox"
                },
                "south": {
                    "uv": [1.333335,13,1.9999985,16],
                    "texture": "#fox"
                }
            }
        }
    ]
}