{
	"parent": "ercerus:hat/hat",
	"textures": {
		"dark_oak": "ercerus:hat/dark_oak_gear",
		"birch": "ercerus:hat/birch_gear",
		"particle": "ercerus:hat/birch_gear"
	},
	"elements": [
		{
			"from": [0, 0, 9],
			"to": [16, 16, 9],
			"rotation": {"angle": 0, "axis": "y", "origin": [11, 8, 17]},
			"faces": {
				"north": {"uv": [0, 0, 16, 16], "texture": "#birch"},
				"south": {"uv": [0, 0, 16, 16], "texture": "#birch"}
			}
		},
		{
			"from": [-1, 1, 6],
			"to": [9, 11, 6],
			"rotation": {"angle": 0, "axis": "y", "origin": [10, 9, 14]},
			"faces": {
				"north": {"uv": [0, 0, 16, 16], "texture": "#dark_oak"},
				"south": {"uv": [0, 0, 16, 16], "texture": "#dark_oak"}
			}
		},
		{
			"from": [8, 0, 11],
			"to": [16, 8, 11],
			"rotation": {"angle": -22.5, "axis": "y", "origin": [12, 4, 11]},
			"faces": {
				"north": {"uv": [0, 0, 16, 16], "texture": "#dark_oak"},
				"south": {"uv": [0, 0, 16, 16], "texture": "#dark_oak"}
			}
		},
		{
			"from": [1, 0, 11],
			"to": [7, 6, 11],
			"rotation": {"angle": 22.5, "axis": "y", "origin": [5, 4, 11]},
			"faces": {
				"north": {"uv": [0, 0, 16, 16], "texture": "#dark_oak"},
				"south": {"uv": [0, 0, 16, 16], "texture": "#dark_oak"}
			}
		},
		{
			"from": [4, 3, 9],
			"to": [12, 3, 17],
			"rotation": {"angle": -22.5, "axis": "x", "origin": [8, 3, 2]},
			"faces": {
				"up": {"uv": [0, 0, 16, 16], "texture": "#dark_oak"},
				"down": {"uv": [0, 0, 16, 16], "texture": "#dark_oak"}
			}
		},
		{
			"from": [9, 0, 9],
			"to": [9, 7, 15.5],
			"rotation": {"angle": -45, "axis": "y", "origin": [9, 3, 12]},
			"faces": {
				"east": {"uv": [0, 0, 16, 16], "texture": "#birch"},
				"west": {"uv": [0, 0, 16, 16], "texture": "#birch"}
			}
		}
	]
}