{
    "parent": "item/iron_sword",
    "textures": {
        "layer0": "1_splatus:item/crucible"
    },
    "display": {
        "thirdperson_righthand": {
            "rotation": [ 0, -90, 55 ],
            "translation": [ 0, 8.0, 0.5 ],
            "scale": [ 1.20, 1.20, 1.20 ]
        },
        "thirdperson_lefthand": {
            "rotation": [ 0, 90, -55 ],
            "translation": [ 0, 8.0, 0.5 ],
            "scale": [ 1.20, 1.20, 1.20 ]
        },
        "firstperson_righthand": {
            "rotation": [ 0, -90, 25 ],
            "translation": [ 1.13, 3.2, 1.13 ],
            "scale": [ 0.98, 0.98, 0.98 ]
        },
        "firstperson_lefthand": {
            "rotation": [ 0, 90, -25 ],
            "translation": [ 1.13, 3.2, 1.13 ],
            "scale": [ 0.98, 0.98, 0.98 ]
        }
    }
}
